<?xml version="1.0" encoding="UTF-8"?>
<project-private xmlns="http://www.netbeans.org/ns/project-private/1">
    <editor-bookmarks xmlns="http://www.netbeans.org/ns/editor-bookmarks/2" lastBookmarkId="0"/>
    <open-files xmlns="http://www.netbeans.org/ns/projectui-open-files/2">
        <group>
            <file>file:/C:/Users/Nimrat%20Sembhi/Documents/NetBeansProjects/EchoServer/src/AbstractClient.java</file>
            <file>file:/C:/Users/Nimrat%20Sembhi/Documents/NetBeansProjects/EchoServer/src/Envelope.java</file>
            <file>file:/C:/Users/Nimrat%20Sembhi/Documents/NetBeansProjects/EchoServer/src/GUIConsole.java</file>
            <file>file:/C:/Users/Nimrat%20Sembhi/Documents/NetBeansProjects/EchoServer/src/ChatIF.java</file>
            <file>file:/C:/Users/Nimrat%20Sembhi/Documents/NetBeansProjects/EchoServer/src/ChatClient.java</file>
            <file>file:/C:/Users/Nimrat%20Sembhi/Documents/NetBeansProjects/EchoServer/src/ServerConsole.java</file>
            <file>file:/C:/Users/Nimrat%20Sembhi/Documents/NetBeansProjects/EchoServer/src/ConnectionToClient.java</file>
            <file>file:/C:/Users/Nimrat%20Sembhi/Documents/NetBeansProjects/EchoServer/src/AbstractServer.java</file>
            <file>file:/C:/Users/Nimrat%20Sembhi/Documents/NetBeansProjects/EchoServer/src/EchoServer.java</file>
        </group>
    </open-files>
</project-private>
